timestamp,user_input,bot_response
2025-05-27T04:11:06.446815,What is ai,I think it's a new mode in the game
2025-05-27T13:51:36.300821,What are the latest news of gen-AI,"There's this interesting AI development: The 2018 Ford GT is finally getting an AWD option that can be switched to manual in the Sport trim level. Read full articlejackson chenContributing reporterSun, May 25, 2025, 8:16 AM1 min read0FordGlobalis working on developing an AW D model for the 2018 EcoBoost trimlevel. The 2018 Eco Boost Ecoboost M5 will feature a 12 speed manual transmission. The 2018 Ecoboast M6 will also feature"
2025-05-27T13:52:20.827288,What are the latest news of gen-AI,Here's what you can read aboutGen
2025-05-27T13:53:08.273137,latest news of AI?,"I'm just a new tech news reporterSun, here's review of the latest in a new infot... i... i'm interested in... A new infos... tech news... infot.. infot,... infot... infot...) infot)... infot.... infot..."" infot, infot?... infose... inf... infoti... infos.... infos,... infos...? infot Nazis... infof... infom... infow... infosh... infosis"
2025-05-27T13:55:38.399944,What's the latest tech news?,"... infoch... infob... infOT... infotic......... and...ins... infor... inf domination...... infopl............with......in......, inf...... as......ins..........infot...... swallowing......ll......through...... h...... into...... Breitbart......-......idd...... climax...... with a......inter......pass...... wh......the......re......"
2025-05-27T14:18:00.593077,hi,Hi! How are you?
2025-05-27T14:18:37.259619,what are latest AI news?,"Here's an AI update: The New York Jets drafted Sheldon Richardson in the first round of the 2017 NFL Draft. The NewYorkJets are now hosting the Sheldon Richardson led New York Football League's inaugural Pro Bowl... and the winner is... THE New YorkJets GM. The New YorkerSun, May 25, 2025, 10:12 PM0Billy Cundiffisis the New York Jet's new owner has called for the firing of Headcoach Woody Grossman. Jets GM."
2025-05-27T14:20:59.579355,what are latest tech news?,The New York Jets The New Jersey Jets traded their defensive coordinator for defensive coordinator after hearing that the announcement that the Jets had made... and front office moved forward to a call.... The Jets declined... and offered... and hired Billy Cundich... with a call from... over the...... Defensive coordinator who was named... as the headco... on......... cha...... as a new defensive coordinator... in... at the... on the... in the return of... n... cha...
2025-05-27T18:25:40.841694,what are latest tech news?,"... cha-... cha....... cha.. cha... cha wh... cha cha... through... cha)... cha... under... chaâ€¦ cha... into a... cha -... cha,... cha... ar... cha...? cha... in... cha... ch... cha,ch... chain... cha Nazis... cha cannabis... chaor... cha Nazi... cha||... chaot... chaand... cha...) cha... CH... cha began... chaini... cha rang... chainally... chaCh..."
